[{"model": "auth.permission", "pk": 1, "fields": {"name": "Can add log entry", "content_type": 1, "codename": "add_logentry"}}, {"model": "auth.permission", "pk": 2, "fields": {"name": "Can change log entry", "content_type": 1, "codename": "change_logentry"}}, {"model": "auth.permission", "pk": 3, "fields": {"name": "Can delete log entry", "content_type": 1, "codename": "delete_logentry"}}, {"model": "auth.permission", "pk": 4, "fields": {"name": "Can view log entry", "content_type": 1, "codename": "view_logentry"}}, {"model": "auth.permission", "pk": 5, "fields": {"name": "Can add permission", "content_type": 2, "codename": "add_permission"}}, {"model": "auth.permission", "pk": 6, "fields": {"name": "Can change permission", "content_type": 2, "codename": "change_permission"}}, {"model": "auth.permission", "pk": 7, "fields": {"name": "Can delete permission", "content_type": 2, "codename": "delete_permission"}}, {"model": "auth.permission", "pk": 8, "fields": {"name": "Can view permission", "content_type": 2, "codename": "view_permission"}}, {"model": "auth.permission", "pk": 9, "fields": {"name": "Can add group", "content_type": 3, "codename": "add_group"}}, {"model": "auth.permission", "pk": 10, "fields": {"name": "Can change group", "content_type": 3, "codename": "change_group"}}, {"model": "auth.permission", "pk": 11, "fields": {"name": "Can delete group", "content_type": 3, "codename": "delete_group"}}, {"model": "auth.permission", "pk": 12, "fields": {"name": "Can view group", "content_type": 3, "codename": "view_group"}}, {"model": "auth.permission", "pk": 13, "fields": {"name": "Can add user", "content_type": 4, "codename": "add_user"}}, {"model": "auth.permission", "pk": 14, "fields": {"name": "Can change user", "content_type": 4, "codename": "change_user"}}, {"model": "auth.permission", "pk": 15, "fields": {"name": "Can delete user", "content_type": 4, "codename": "delete_user"}}, {"model": "auth.permission", "pk": 16, "fields": {"name": "Can view user", "content_type": 4, "codename": "view_user"}}, {"model": "auth.permission", "pk": 17, "fields": {"name": "Can add content type", "content_type": 5, "codename": "add_contenttype"}}, {"model": "auth.permission", "pk": 18, "fields": {"name": "Can change content type", "content_type": 5, "codename": "change_contenttype"}}, {"model": "auth.permission", "pk": 19, "fields": {"name": "Can delete content type", "content_type": 5, "codename": "delete_contenttype"}}, {"model": "auth.permission", "pk": 20, "fields": {"name": "Can view content type", "content_type": 5, "codename": "view_contenttype"}}, {"model": "auth.permission", "pk": 21, "fields": {"name": "Can add session", "content_type": 6, "codename": "add_session"}}, {"model": "auth.permission", "pk": 22, "fields": {"name": "Can change session", "content_type": 6, "codename": "change_session"}}, {"model": "auth.permission", "pk": 23, "fields": {"name": "Can delete session", "content_type": 6, "codename": "delete_session"}}, {"model": "auth.permission", "pk": 24, "fields": {"name": "Can view session", "content_type": 6, "codename": "view_session"}}, {"model": "auth.permission", "pk": 25, "fields": {"name": "Can add store box", "content_type": 7, "codename": "add_storebox"}}, {"model": "auth.permission", "pk": 26, "fields": {"name": "Can change store box", "content_type": 7, "codename": "change_storebox"}}, {"model": "auth.permission", "pk": 27, "fields": {"name": "Can delete store box", "content_type": 7, "codename": "delete_storebox"}}, {"model": "auth.permission", "pk": 28, "fields": {"name": "Can view store box", "content_type": 7, "codename": "view_storebox"}}, {"model": "auth.permission", "pk": 29, "fields": {"name": "Can add review", "content_type": 8, "codename": "add_review"}}, {"model": "auth.permission", "pk": 30, "fields": {"name": "Can change review", "content_type": 8, "codename": "change_review"}}, {"model": "auth.permission", "pk": 31, "fields": {"name": "Can delete review", "content_type": 8, "codename": "delete_review"}}, {"model": "auth.permission", "pk": 32, "fields": {"name": "Can view review", "content_type": 8, "codename": "view_review"}}, {"model": "auth.permission", "pk": 33, "fields": {"name": "Can add details", "content_type": 9, "codename": "add_details"}}, {"model": "auth.permission", "pk": 34, "fields": {"name": "Can change details", "content_type": 9, "codename": "change_details"}}, {"model": "auth.permission", "pk": 35, "fields": {"name": "Can delete details", "content_type": 9, "codename": "delete_details"}}, {"model": "auth.permission", "pk": 36, "fields": {"name": "Can view details", "content_type": 9, "codename": "view_details"}}, {"model": "auth.permission", "pk": 37, "fields": {"name": "Can add action", "content_type": 10, "codename": "add_action"}}, {"model": "auth.permission", "pk": 38, "fields": {"name": "Can change action", "content_type": 10, "codename": "change_action"}}, {"model": "auth.permission", "pk": 39, "fields": {"name": "Can delete action", "content_type": 10, "codename": "delete_action"}}, {"model": "auth.permission", "pk": 40, "fields": {"name": "Can view action", "content_type": 10, "codename": "view_action"}}, {"model": "auth.user", "pk": 1, "fields": {"password": "pbkdf2_sha256$600000$MBLqrhRtC17FOy21A3Bj3b$5QubFf930pS5d7R8GW4WtxaHcVWoOot3mXQojnZwz6Y=", "last_login": null, "is_superuser": false, "username": "test1", "first_name": "", "last_name": "", "email": "test@test.com", "is_staff": false, "is_active": true, "date_joined": "2023-11-16T21:00:09.657Z", "groups": [], "user_permissions": []}}, {"model": "auth.user", "pk": 3, "fields": {"password": "test123", "last_login": null, "is_superuser": false, "username": "test2", "first_name": "Harry", "last_name": "Potter", "email": "test@test.com", "is_staff": false, "is_active": true, "date_joined": "2023-11-16T21:00:43.415Z", "groups": [], "user_permissions": []}}, {"model": "auth.user", "pk": 4, "fields": {"password": "pbkdf2_sha256$600000$CiOX3ML2YUGoOqxyItxCpU$V+20AVFtm+TVBUaSsJu608wNEsBZh7Hy/biVohgsZ7U=", "last_login": null, "is_superuser": false, "username": "test3", "first_name": "Ron", "last_name": "Weasley", "email": "test@test.com", "is_staff": false, "is_active": true, "date_joined": "2023-11-16T21:41:13.304Z", "groups": [], "user_permissions": []}}, {"model": "auth.user", "pk": 5, "fields": {"password": "pbkdf2_sha256$600000$0ZvxNnB6WhY2V7RXIbPqyw$6qUq0bPn3zg5bpyAhtcsmaAxTJuhGwdhu5G4PhCoquc=", "last_login": null, "is_superuser": false, "username": "boss", "first_name": "bossfirstname", "last_name": "bosslastname", "email": "boss@gmail.com", "is_staff": false, "is_active": true, "date_joined": "2023-11-18T02:19:27.641Z", "groups": [], "user_permissions": []}}, {"model": "auth.user", "pk": 6, "fields": {"password": "pbkdf2_sha256$600000$9yv4DJjsq4wpOvDf9mKyRB$6gF0Gx79/k054G+HpK3h4ARTlKJwZU3ilP/9CSKq5wQ=", "last_login": "2023-11-18T02:45:05.449Z", "is_superuser": false, "username": "test4", "first_name": "", "last_name": "", "email": "test@gmail.com", "is_staff": false, "is_active": true, "date_joined": "2023-11-18T02:45:04.894Z", "groups": [], "user_permissions": []}}, {"model": "auth.user", "pk": 7, "fields": {"password": "pbkdf2_sha256$600000$nxY11e5ntxmtIZd4KG6SmH$1jqao6p4OEmZdOCKJPMnQ3msnV7SzEizFn0+79r4TmI=", "last_login": "2023-11-18T02:49:27.288Z", "is_superuser": false, "username": "test5", "first_name": "", "last_name": "", "email": "test@gmail.com", "is_staff": false, "is_active": true, "date_joined": "2023-11-18T02:49:26.741Z", "groups": [], "user_permissions": []}}, {"model": "auth.user", "pk": 8, "fields": {"password": "", "last_login": "2023-11-18T02:56:58.331Z", "is_superuser": false, "username": "test6", "first_name": "a", "last_name": "b", "email": "test@gmail.com", "is_staff": false, "is_active": true, "date_joined": "2023-11-18T02:56:57.305Z", "groups": [], "user_permissions": []}}, {"model": "auth.user", "pk": 11, "fields": {"password": "pbkdf2_sha256$600000$oA2lBHxDse41imWwurU7Og$mpzgUhW0H8Y4ljckX4AXFsQp2OsCan2iFmmZ5sCA23I=", "last_login": null, "is_superuser": false, "username": "test7", "first_name": "a", "last_name": "b", "email": "test@gmail.com", "is_staff": false, "is_active": true, "date_joined": "2023-11-18T03:13:23.541Z", "groups": [], "user_permissions": []}}, {"model": "auth.user", "pk": 12, "fields": {"password": "pbkdf2_sha256$600000$BwMWlw1G0tnvrXqABVKm8j$ixB0sbU1RmHzHc8KlpX4SYZ/vmvIkxspObAAOzEEI50=", "last_login": "2023-11-18T23:37:34.131Z", "is_superuser": false, "username": "test8", "first_name": "Harry", "last_name": "Potter", "email": "test8@gmail.com", "is_staff": false, "is_active": true, "date_joined": "2023-11-18T17:00:51.123Z", "groups": [], "user_permissions": []}}, {"model": "auth.user", "pk": 13, "fields": {"password": "", "last_login": "2023-11-18T22:27:03.934Z", "is_superuser": false, "username": "test9", "first_name": "Hermione", "last_name": "Granger", "email": "test9@gmail.com", "is_staff": false, "is_active": true, "date_joined": "2023-11-18T21:28:42.884Z", "groups": [], "user_permissions": []}}, {"model": "auth.user", "pk": 14, "fields": {"password": "", "last_login": "2023-11-18T22:38:25.993Z", "is_superuser": false, "username": "test10", "first_name": "Ron", "last_name": "Weasley", "email": "test10@gmail.com", "is_staff": false, "is_active": true, "date_joined": "2023-11-18T22:37:35.022Z", "groups": [], "user_permissions": []}}, {"model": "auth.user", "pk": 15, "fields": {"password": "", "last_login": "2023-11-19T00:15:28.627Z", "is_superuser": false, "username": "test11", "first_name": "a", "last_name": "b", "email": "test@test.com", "is_staff": false, "is_active": true, "date_joined": "2023-11-18T23:41:20.163Z", "groups": [], "user_permissions": []}}, {"model": "auth.user", "pk": 16, "fields": {"password": "", "last_login": null, "is_superuser": false, "username": "test12", "first_name": "A", "last_name": "B", "email": "test@test.com", "is_staff": false, "is_active": true, "date_joined": "2023-11-18T23:46:43.686Z", "groups": [], "user_permissions": []}}, {"model": "auth.user", "pk": 17, "fields": {"password": "pbkdf2_sha256$600000$UDJfrmvjgZpyiNpAQnxBvi$mMDj03Sark6qukojHi9wayxgbDDJqn2lXjT5TsQ8IXw=", "last_login": "2023-11-19T02:47:42.811Z", "is_superuser": false, "username": "test13", "first_name": "A", "last_name": "B", "email": "test@test.com", "is_staff": false, "is_active": true, "date_joined": "2023-11-18T23:58:36.296Z", "groups": [], "user_permissions": []}}, {"model": "auth.user", "pk": 18, "fields": {"password": "pbkdf2_sha256$600000$dJNvCnZdvZLJg6XX8Lj6oU$oAA7gBgidIgpQVm8xvbh5pAUvodC1VEOzFJKQv6xYqA=", "last_login": "2023-11-19T01:24:37.848Z", "is_superuser": false, "username": "test14", "first_name": "A", "last_name": "B", "email": "test14@test.com", "is_staff": false, "is_active": true, "date_joined": "2023-11-19T01:22:15.123Z", "groups": [], "user_permissions": []}}, {"model": "auth.user", "pk": 19, "fields": {"password": "", "last_login": "2023-11-19T02:10:26.050Z", "is_superuser": false, "username": "test15", "first_name": "F", "last_name": "L", "email": "test15@test.com", "is_staff": false, "is_active": true, "date_joined": "2023-11-19T02:10:25.086Z", "groups": [], "user_permissions": []}}, {"model": "auth.user", "pk": 20, "fields": {"password": "", "last_login": "2023-11-19T02:18:10.862Z", "is_superuser": false, "username": "test16", "first_name": "F", "last_name": "L", "email": "test16@test.com", "is_staff": false, "is_active": true, "date_joined": "2023-11-19T02:16:32.095Z", "groups": [], "user_permissions": []}}, {"model": "auth.user", "pk": 21, "fields": {"password": "", "last_login": "2023-11-19T02:30:05.505Z", "is_superuser": false, "username": "test17", "first_name": "F", "last_name": "L", "email": "test@gmail.com", "is_staff": false, "is_active": true, "date_joined": "2023-11-19T02:30:04.531Z", "groups": [], "user_permissions": []}}, {"model": "auth.user", "pk": 22, "fields": {"password": "pbkdf2_sha256$600000$OPpr8Zy6EbOkv95qgRUmlo$nOr4BwZFJe2UPBkXizR46nmMXQ9buaRpKpvksvNTYQg=", "last_login": "2023-11-19T02:32:52.296Z", "is_superuser": false, "username": "test18", "first_name": "test18", "last_name": "test18", "email": "test18@test.com", "is_staff": false, "is_active": true, "date_joined": "2023-11-19T02:32:51.325Z", "groups": [], "user_permissions": []}}, {"model": "auth.user", "pk": 23, "fields": {"password": "", "last_login": "2023-11-19T02:41:11.179Z", "is_superuser": false, "username": "test19", "first_name": "test19", "last_name": "test19", "email": "test19@test.com", "is_staff": false, "is_active": true, "date_joined": "2023-11-19T02:35:09.862Z", "groups": [], "user_permissions": []}}, {"model": "auth.user", "pk": 24, "fields": {"password": "", "last_login": "2023-11-19T02:55:43.011Z", "is_superuser": false, "username": "test20", "first_name": "A", "last_name": "B", "email": "test20@test.com", "is_staff": false, "is_active": true, "date_joined": "2023-11-19T02:55:42.044Z", "groups": [], "user_permissions": []}}, {"model": "auth.user", "pk": 25, "fields": {"password": "pbkdf2_sha256$600000$cDIMjpN4yaWMjKnPJK6imf$P9jXndqp0aov0X/FOSZ0nHBl5+lYXSo9WPjBwb15scI=", "last_login": "2023-11-20T21:40:35.750Z", "is_superuser": false, "username": "test21", "first_name": "test21", "last_name": "test21", "email": "test21@gmail.com", "is_staff": false, "is_active": true, "date_joined": "2023-11-19T02:56:54.048Z", "groups": [], "user_permissions": []}}, {"model": "auth.user", "pk": 26, "fields": {"password": "pbkdf2_sha256$600000$AKKl2WiiNrYOqlmwqlWm2J$oHeqj6LPBeTBL7AzW6hWotiGl9hhxO0gkdKMTlQnNKc=", "last_login": "2023-11-20T02:34:12.719Z", "is_superuser": false, "username": "test22", "first_name": "", "last_name": "", "email": "test@test.com", "is_staff": false, "is_active": true, "date_joined": "2023-11-19T22:57:28.009Z", "groups": [], "user_permissions": []}}, {"model": "auth.user", "pk": 27, "fields": {"password": "pbkdf2_sha256$600000$b6V3OgZyS9DdwKDvzrEoyS$9YSIG+LomruNi1JTNyizT/9IpbPfOsgIbkNocaPUdI8=", "last_login": "2023-11-20T21:40:49.239Z", "is_superuser": false, "username": "adminuser", "first_name": "", "last_name": "", "email": "adminuser@admin.com", "is_staff": false, "is_active": true, "date_joined": "2023-11-20T20:46:29.351Z", "groups": [], "user_permissions": []}}, {"model": "auth.user", "pk": 28, "fields": {"password": "pbkdf2_sha256$600000$HPKV8GXoTl0wCBBkdl8AZR$CKpcDbH7iA7bxqN+DSJH4f8QNeoSjn14UJFIw4osb3Q=", "last_login": "2023-11-20T21:39:49.688Z", "is_superuser": false, "username": "test23", "first_name": "23A", "last_name": "23B", "email": "test23@test23.com", "is_staff": false, "is_active": true, "date_joined": "2023-11-20T20:48:32.953Z", "groups": [], "user_permissions": []}}, {"model": "auth.user", "pk": 29, "fields": {"password": "pbkdf2_sha256$600000$rFPqFcfy278YR91o1HdmGq$NNTVdmPb26/fUu+nY8xiOu2Ws8hYffpYoF5SXZNmaa8=", "last_login": "2023-11-20T21:40:06.686Z", "is_superuser": false, "username": "test24", "first_name": "", "last_name": "", "email": "test24@test.com", "is_staff": false, "is_active": true, "date_joined": "2023-11-20T21:07:22.256Z", "groups": [], "user_permissions": []}}, {"model": "auth.user", "pk": 30, "fields": {"password": "pbkdf2_sha256$600000$W17uTY5oB7JjzbdorEGdO7$rbCTb63odSv0PTo/6FUt2cixuamV9uV0awYlUF66y7Q=", "last_login": "2023-11-20T21:07:44.191Z", "is_superuser": false, "username": "test25", "first_name": "", "last_name": "", "email": "test25@test.com", "is_staff": false, "is_active": true, "date_joined": "2023-11-20T21:07:43.218Z", "groups": [], "user_permissions": []}}, {"model": "auth.user", "pk": 31, "fields": {"password": "pbkdf2_sha256$600000$UVjZ617pYBBpk6AcHpaqFY$D2wV1+nfiFkp4Dnmot+Zny128cYfe6fVdlxK9IHjmmQ=", "last_login": "2023-11-20T21:40:21.574Z", "is_superuser": false, "username": "test26", "first_name": "", "last_name": "", "email": "test26@test.com", "is_staff": false, "is_active": true, "date_joined": "2023-11-20T21:08:14.241Z", "groups": [], "user_permissions": []}}, {"model": "contenttypes.contenttype", "pk": 1, "fields": {"app_label": "admin", "model": "logentry"}}, {"model": "contenttypes.contenttype", "pk": 2, "fields": {"app_label": "auth", "model": "permission"}}, {"model": "contenttypes.contenttype", "pk": 3, "fields": {"app_label": "auth", "model": "group"}}, {"model": "contenttypes.contenttype", "pk": 4, "fields": {"app_label": "auth", "model": "user"}}, {"model": "contenttypes.contenttype", "pk": 5, "fields": {"app_label": "contenttypes", "model": "contenttype"}}, {"model": "contenttypes.contenttype", "pk": 6, "fields": {"app_label": "sessions", "model": "session"}}, {"model": "contenttypes.contenttype", "pk": 7, "fields": {"app_label": "truthtaste", "model": "storebox"}}, {"model": "contenttypes.contenttype", "pk": 8, "fields": {"app_label": "truthtaste", "model": "review"}}, {"model": "contenttypes.contenttype", "pk": 9, "fields": {"app_label": "users", "model": "details"}}, {"model": "contenttypes.contenttype", "pk": 10, "fields": {"app_label": "actions", "model": "action"}}, {"model": "truthtaste.storebox", "pk": 4, "fields": {"title": "Sunrise Sips Café", "type": "Coffee shop", "description": "Rustic cafe offering organic blends & baked goods.", "image": "restaurant/restaurant-2.jpg", "date": "2023-11-03T02:36:01.369Z", "author": "Emily"}}, {"model": "truthtaste.storebox", "pk": 5, "fields": {"title": "Daily Drip Coffeehouse", "type": "Coffee shop", "description": "Coffee oasis with an emphasis on sustainable practices.", "image": "restaurant/restaurant-3.jpg", "date": "2023-11-03T02:36:01.369Z", "author": "Emily"}}, {"model": "truthtaste.storebox", "pk": 6, "fields": {"title": "Blue Cup Cafe", "type": "Coffee shop12", "description": "Contemporary café serving both classic and experimental brews!", "image": "restaurant/restaurant-4.jpg", "date": "2023-11-03T02:36:01.369Z", "author": "Emily"}}, {"model": "truthtaste.storebox", "pk": 7, "fields": {"title": "Leaf & Bean Lounge", "type": "Coffee shop", "description": "Every coffee bean tells a story of sustainability and care.", "image": "restaurant/restaurant-5.jpg", "date": "2023-11-03T02:36:01.369Z", "author": "Emily"}}, {"model": "truthtaste.storebox", "pk": 10, "fields": {"title": "Twilight Espresso Longe", "type": "Coffee shop", "description": "Indulge in coffee as the city lights dim, a perfect blend of night and caffeine.", "image": "restaurant/restaurant-7.jpg", "date": "2023-11-03T02:36:01.369Z", "author": "Emily"}}, {"model": "truthtaste.storebox", "pk": 11, "fields": {"title": "Canvas Coffee Gallery", "type": "Coffee shop!", "description": "Where art and aroma create an enthralling masterpiece.", "image": "restaurant/restaurant-8.jpg", "date": "2023-11-03T02:36:01.369Z", "author": "Emily"}}, {"model": "truthtaste.review", "pk": 39, "fields": {"store": 6, "title": "Good", "content": "delicious", "rating": 5, "date": "2023-11-19T03:32:43.491Z", "author": "test21"}}, {"model": "truthtaste.review", "pk": 40, "fields": {"store": 6, "title": "Nice cafe", "content": "chill", "rating": 5, "date": "2023-11-19T16:30:18.018Z", "author": "test21"}}, {"model": "truthtaste.review", "pk": 45, "fields": {"store": 6, "title": "nice", "content": "nice", "rating": 4, "date": "2023-11-19T19:37:54.056Z", "author": "test21"}}, {"model": "truthtaste.review", "pk": 67, "fields": {"store": 11, "title": "test", "content": "Nice!!", "rating": 5, "date": "2023-11-20T16:01:30.298Z", "author": "test22"}}, {"model": "truthtaste.review", "pk": 68, "fields": {"store": 11, "title": "Nice", "content": "Good", "rating": 4, "date": "2023-11-20T16:15:43.856Z", "author": "test22"}}, {"model": "truthtaste.review", "pk": 76, "fields": {"store": 6, "title": "Nice ", "content": "Love", "rating": 5, "date": "2023-11-20T20:39:49.019Z", "author": "test21"}}, {"model": "truthtaste.review", "pk": 77, "fields": {"store": 11, "title": "Love it", "content": "delicious", "rating": 5, "date": "2023-11-20T20:40:23.779Z", "author": "test21"}}, {"model": "truthtaste.review", "pk": 78, "fields": {"store": 6, "title": "The staff is friendly!", "content": "Will visit again:)", "rating": 5, "date": "2023-11-20T21:10:11.436Z", "author": "test26"}}, {"model": "truthtaste.review", "pk": 80, "fields": {"store": 5, "title": "Perfect place for studying", "content": "Chill and quiet", "rating": 5, "date": "2023-11-20T21:11:00.736Z", "author": "test26"}}, {"model": "users.details", "pk": 1, "fields": {"user": 4, "role": "regular", "email_subscribe": false}}, {"model": "users.details", "pk": 3, "fields": {"user": 3, "role": "regular", "email_subscribe": true}}, {"model": "users.details", "pk": 4, "fields": {"user": 5, "role": "admin", "email_subscribe": true}}, {"model": "users.details", "pk": 5, "fields": {"user": 6, "role": "regular", "email_subscribe": false}}, {"model": "users.details", "pk": 6, "fields": {"user": 7, "role": "regular", "email_subscribe": false}}, {"model": "users.details", "pk": 7, "fields": {"user": 8, "role": "regular", "email_subscribe": true}}, {"model": "users.details", "pk": 8, "fields": {"user": 11, "role": "regular", "email_subscribe": true}}, {"model": "users.details", "pk": 9, "fields": {"user": 12, "role": "regular", "email_subscribe": true}}, {"model": "users.details", "pk": 10, "fields": {"user": 13, "role": "admin", "email_subscribe": true}}, {"model": "users.details", "pk": 11, "fields": {"user": 14, "role": "admin", "email_subscribe": true}}, {"model": "users.details", "pk": 12, "fields": {"user": 15, "role": "admin", "email_subscribe": true}}, {"model": "users.details", "pk": 13, "fields": {"user": 16, "role": "admin", "email_subscribe": true}}, {"model": "users.details", "pk": 14, "fields": {"user": 17, "role": "regular", "email_subscribe": true}}, {"model": "users.details", "pk": 15, "fields": {"user": 18, "role": "regular", "email_subscribe": false}}, {"model": "users.details", "pk": 16, "fields": {"user": 19, "role": "regular", "email_subscribe": true}}, {"model": "users.details", "pk": 17, "fields": {"user": 20, "role": "regular", "email_subscribe": true}}, {"model": "users.details", "pk": 18, "fields": {"user": 21, "role": "regular", "email_subscribe": true}}, {"model": "users.details", "pk": 19, "fields": {"user": 22, "role": "regular", "email_subscribe": true}}, {"model": "users.details", "pk": 20, "fields": {"user": 23, "role": "regular", "email_subscribe": true}}, {"model": "users.details", "pk": 21, "fields": {"user": 24, "role": "regular", "email_subscribe": true}}, {"model": "users.details", "pk": 22, "fields": {"user": 25, "role": "admin", "email_subscribe": true}}, {"model": "users.details", "pk": 23, "fields": {"user": 26, "role": "regular", "email_subscribe": false}}, {"model": "users.details", "pk": 24, "fields": {"user": 27, "role": "admin", "email_subscribe": false}}, {"model": "users.details", "pk": 25, "fields": {"user": 28, "role": "regular", "email_subscribe": true}}, {"model": "users.details", "pk": 26, "fields": {"user": 29, "role": "regular", "email_subscribe": false}}, {"model": "users.details", "pk": 27, "fields": {"user": 30, "role": "regular", "email_subscribe": false}}, {"model": "users.details", "pk": 28, "fields": {"user": 31, "role": "admin", "email_subscribe": false}}, {"model": "actions.action", "pk": 1, "fields": {"user": 3, "verb": "created the restaurant", "target_ct": 7, "target_id": 37, "created": "2023-11-17T02:05:05.205Z", "details": null}}, {"model": "actions.action", "pk": 2, "fields": {"user": 3, "verb": "created the restaurant", "target_ct": 7, "target_id": 38, "created": "2023-11-17T02:42:42.388Z", "details": null}}, {"model": "actions.action", "pk": 3, "fields": {"user": 4, "verb": "created the restaurant", "target_ct": 7, "target_id": 39, "created": "2023-11-17T18:54:31.449Z", "details": null}}, {"model": "actions.action", "pk": 4, "fields": {"user": 3, "verb": "edited the restaurant", "target_ct": 7, "target_id": 39, "created": "2023-11-17T19:30:38.758Z", "details": null}}, {"model": "actions.action", "pk": 5, "fields": {"user": 3, "verb": "deleted the restaurant", "target_ct": 7, "target_id": 36, "created": "2023-11-17T19:35:07.299Z", "details": null}}, {"model": "actions.action", "pk": 6, "fields": {"user": 13, "verb": "changed role", "target_ct": 4, "target_id": 13, "created": "2023-11-18T22:33:46.063Z", "details": null}}, {"model": "actions.action", "pk": 7, "fields": {"user": 13, "verb": "'s role has been changed", "target_ct": null, "target_id": null, "created": "2023-11-18T23:11:29.602Z", "details": null}}, {"model": "actions.action", "pk": 8, "fields": {"user": 13, "verb": "'s role has been changed", "target_ct": null, "target_id": null, "created": "2023-11-18T23:17:54.626Z", "details": null}}, {"model": "actions.action", "pk": 9, "fields": {"user": 16, "verb": "'s role has been changed", "target_ct": null, "target_id": null, "created": "2023-11-19T00:12:15.639Z", "details": null}}, {"model": "actions.action", "pk": 10, "fields": {"user": 25, "verb": "edited the restaurant", "target_ct": 7, "target_id": 11, "created": "2023-11-19T04:15:16.524Z", "details": null}}, {"model": "actions.action", "pk": 11, "fields": {"user": 25, "verb": "deleted a restaurant", "target_ct": null, "target_id": null, "created": "2023-11-19T15:46:03.113Z", "details": null}}, {"model": "actions.action", "pk": 12, "fields": {"user": 25, "verb": "created the restaurant", "target_ct": 7, "target_id": 40, "created": "2023-11-19T21:44:35.108Z", "details": null}}, {"model": "actions.action", "pk": 13, "fields": {"user": 25, "verb": "deleted a restaurant", "target_ct": null, "target_id": null, "created": "2023-11-19T21:49:06.798Z", "details": "Restaurant name: 123"}}, {"model": "actions.action", "pk": 14, "fields": {"user": 25, "verb": "edited the restaurant title", "target_ct": 7, "target_id": 6, "created": "2023-11-19T22:19:39.523Z", "details": null}}, {"model": "actions.action", "pk": 15, "fields": {"user": 25, "verb": "edited the restaurant description", "target_ct": 7, "target_id": 6, "created": "2023-11-19T22:20:51.059Z", "details": null}}, {"model": "actions.action", "pk": 16, "fields": {"user": 25, "verb": "edited the restaurant title", "target_ct": 7, "target_id": 6, "created": "2023-11-19T22:21:06.209Z", "details": null}}]